customer_id | customer_name  | customer_email
----------------------------------------------
1           | John Smith     | john@example.com
2           | Jane Doe       | jane@example.com
3           | Michael Brown  | michael@example.com
4           | Sarah Johnson  | sarah@example.com
5           | Robert Lee     | robert@example.com
6           | Emily Chen     | emily@example.com
7           | William Kim    | william@example.com
8           | Jessica Miller | jessica@example.com
9           | David Garcia   | david@example.com
10          | Lisa Jones     | lisa@example.com
